%,soltrace,tracer,solstice,heliosim,solarpilot
Qabs,-0.10347674126,-0.203028318696,-0.031927689097,-0.275545627442,0.124777903676
Qrefl,-0.0903082084374,-0.203028323075,-0.0318399032371,-0.33129243933,0.107219849672
Qspil,-0.133772546727,0.0529550840122,-0.0743397755417,1.12581876517,-9.98810944651
Qfieldabs,-0.2440558045,-0.253968782256,-0.0831194905883,-0.231770589698,-0.182629730488
Qblok,-5.84451675195,-0.773216530084,-13.3557445612,-10.8368267154,114.695195318
Qshad&cos,0.302213479178,0.338982880523,0.343522769777,0.295599922801,0.246252617529
