%,soltrace,tracer,solstice,heliosim,solarpilot
Qabs,0.5012670572347089,0.013847914279407255,-0.015999339079307694,-0.013564757604292701,0.18050181822212408
Qrefl,0.5012670358253475,-0.01611504321098174,-0.016029792646906918,-0.07382067039755758,0.18051396978846754
Qspil,-3.8540335549122307,0.12692496291743857,0.3695288196203429,0.28651018536092654,-2.78381692516202
Qfieldabs,0.00732025361417553,0.0058956788136336116,1.9416364115651767,0.004409181937740068,0.00732025361417553
Qblok,-0.38682481956416753,-0.1586228982573433,-10.004115077907212,-1.5626678486890213,11.419296266015646
Qshad&cos,0.0007680155061485846,0.00838212201969859,0.06118137794429915,0.029698358082169956,0.0007680155061485846
